{
  "files_processed": 60,
  "sequential_time": 77.53203987499,
  "parallel_time": 75.49089920800179,
  "speedup_factor": 1.0270382349184133,
  "time_improvement_percent": 2.6326415121790654,
  "time_saved_seconds": 2.0411406669882126,
  "memory_difference_gb": -2.5615692138671875,
  "test_config": {
    "num_files": 60,
    "memory_limit_gb": 20,
    "num_batches": 2
  }
}